,Country Name,Indicator Name,Indicator Code,1960,1961,1962,1963,1964,1965,1966,1967,1968,1969,1970,1971,1972,1973,1974,1975,1976,1977,1978,1979,1980,1981,1982,1983,1984,1985,1986,1987,1988,1989,1990,1991,1992,1993,1994,1995,1996,1997,1998,1999,2000,2001,2002,2003,2004,2005,2006,2007,2008,2009,2010,2011,2012,2013,2014,2015,2016,2017,2018,2019,2020,2021,Unnamed: 66
3041,China,Urban population,SP.URB.TOTL,108085352.0,110327936.0,114685540.0,121162226.0,127791981.0,129348359.0,131746910.0,134196718.0,136747486.0,139527262.0,142386810.0,145443877.0,148131235.0,151552570.0,155688522.0,159452730.0,162497601.0,165293316.0,171153535.0,180399661.0,189947471.0,199949784.0,210823843.0,220472140.0,230206255.0,240414890.0,251325056.0,262976051.0,275121076.0,287504237.0,300165618.0,314301034.0,328521540.0,342961393.0,357836540.0,373035157.0,388593258.0,404485562.0,420606126.0,436766058.0,452999147.0,471767321.0,491993700.0,512473984.0,533257098.0,554367818.0,575118254.0,595670841.0,616481190.0,637407288.0,658498663.0,679390629.0,700996454.0,722694421.0,744357517.0,765822300.0,787376534.0,809246214.0,829760595.0,848982855.0,866810508.0,882894483.0,0.0
3043,China,"Population, total",SP.POP.TOTL,667070000.0,660330000.0,665770000.0,682335000.0,698355000.0,715185000.0,735400000.0,754550000.0,774510000.0,796025000.0,818315000.0,841105000.0,862030000.0,881940000.0,900350000.0,916395000.0,930685000.0,943455000.0,956165000.0,969005000.0,981235000.0,993885000.0,1008630000.0,1023310000.0,1036825000.0,1051040000.0,1066790000.0,1084035000.0,1101630000.0,1118650000.0,1135185000.0,1150780000.0,1164970000.0,1178440000.0,1191835000.0,1204855000.0,1217550000.0,1230075000.0,1241935000.0,1252735000.0,1262645000.0,1271850000.0,1280400000.0,1288400000.0,1296075000.0,1303720000.0,1311020000.0,1317885000.0,1324655000.0,1331260000.0,1337705000.0,1345035000.0,1354190000.0,1363240000.0,1371860000.0,1379860000.0,1387790000.0,1396215000.0,1402760000.0,1407745000.0,1411100000.0,1412360000.0,0.0
3048,China,"Mortality rate, under-5 (per 1,000 live births)",SH.DYN.MORT,0.0,0.0,0.0,0.0,0.0,0.0,0.0,0.0,0.0,118.8,112.8,107.1,101.4,95.9,90.3,84.8,79.5,74.5,70.1,66.1,62.7,59.9,57.7,56.0,54.8,54.1,53.8,53.8,53.9,53.9,53.6,53.1,52.1,50.8,49.2,47.4,45.5,43.5,41.4,39.1,36.7,34.1,31.5,28.9,26.3,24.0,22.0,20.1,18.5,17.1,15.8,14.6,13.5,12.5,11.6,10.7,9.9,9.2,8.6,8.0,7.4,6.9,0.0
3058,China,"Annual freshwater withdrawals, total (billion cubic meters)",ER.H2O.FWTL.K3,0.0,0.0,0.0,0.0,0.0,0.0,0.0,0.0,0.0,0.0,0.0,0.0,0.0,0.0,0.0,0.0,0.0,0.0,0.0,0.0,443.7,452.0825,460.465,468.8475,477.23,481.06,484.848,488.636,492.424,496.212,500.0,508.4666666667,516.9333333333,525.4,529.0428571429,532.6857142857,536.3285714286,539.9714285714,543.6142857143,547.2571428571,550.9,551.54,552.18,552.82,553.46,554.1,568.0,568.7,576.1,583.2,586.83,595.0,598.8,602.8,593.4,591.8,591.8,591.8,591.8,591.8,0.0,0.0,0.0
3074,China,Total greenhouse gas emissions (kt of CO2 equivalent),EN.ATM.GHGT.KT.CE,0.0,0.0,0.0,0.0,0.0,0.0,0.0,0.0,0.0,0.0,0.0,0.0,0.0,0.0,0.0,0.0,0.0,0.0,0.0,0.0,0.0,0.0,0.0,0.0,0.0,0.0,0.0,0.0,0.0,0.0,3240290.0,3387709.9609375,3516610.10742188,3746360.10742188,3905929.93164063,4309240.234375,4330229.98046875,4325689.94140625,4443770.01953125,4376500.0,4568810.05859375,4761560.05859375,5068779.78515625,5718040.0390625,6503950.1953125,7266529.78515625,7946140.13671875,8555799.8046875,8810969.7265625,9386580.078125,10218509.765625,11098190.4296875,11385459.9609375,11878030.2734375,11938030.2734375,11818469.7265625,11800830.078125,12035269.53125,12471089.84375,12705089.84375,0.0,0.0,0.0
3078,China,CO2 emissions from solid fuel consumption (kt),EN.ATM.CO2E.SF.KT,748988.417,522903.199,412262.475,406457.614,401899.533,433347.725,470153.404,383912.898,413058.214,501586.928,666411.244,737030.33,771349.783,784385.968,776736.606,907380.815,911132.156,999426.182,1118361.66,1148489.732,1123583.468,1125923.014,1249878.615,1322925.255,1455388.296,1585808.818,1658745.448,1771718.384,1894247.522,1921808.694,1978302.496,2051598.492,2116449.387,2230570.094,2382537.908,2571857.784,2662579.364,2611692.405,2446772.747,2380440.384,2398390.349,2430843.299,2781045.466,3321997.639,3838428.583,4428012.51,4909390.601,4978938.923,5734164.907,5613696.623,6574171.931,7315771.343,7470918.446,7499587.052,7431146.164,7272926.115,6951652.911,0.0,0.0,0.0,0.0,0.0,0.0
3083,China,CO2 emissions from liquid fuel consumption (kt),EN.ATM.CO2E.LF.KT,23010.425,22354.032,21781.98,23289.117,27751.856,35027.184,44583.386,42533.533,48690.426,66904.415,94722.277,120189.592,138440.251,158949.782,182722.943,204358.243,239180.075,257694.758,282223.321,278655.33,273426.188,256583.657,258021.121,263987.33,271673.362,284826.891,303315.905,321786.584,343410.883,354730.912,330561.715,356318.723,386109.431,428899.654,424059.214,468613.264,511040.454,558418.094,559719.879,597240.623,649216.681,659839.98,653620.748,727694.148,839779.67,850868.678,899269.411,904450.882,970911.59,952294.231,1093466.397,1124778.91,1177675.385,1235632.32,1264106.575,1328664.11,1336397.813,0.0,0.0,0.0,0.0,0.0,0.0
3084,China,CO2 emissions (kt),EN.ATM.CO2E.KT,0.0,0.0,0.0,0.0,0.0,0.0,0.0,0.0,0.0,0.0,0.0,0.0,0.0,0.0,0.0,0.0,0.0,0.0,0.0,0.0,0.0,0.0,0.0,0.0,0.0,0.0,0.0,0.0,0.0,0.0,2173360.0,2302180.0,2418180.0,2645410.0,2767670.0,3088620.0,3070510.0,3134110.0,3236280.0,3153660.0,3346530.0,3529080.0,3810060.05859375,4415910.15625,5124819.82421875,5824629.8828125,6437470.21484375,6993180.17578125,7199600.09765625,7719069.82421875,8474919.921875,9282549.8046875,9541870.1171875,9984570.3125,10006669.921875,9861099.609375,9874660.15625,10096009.765625,10502929.6875,10707219.7265625,0.0,0.0,0.0
3087,China,CO2 emissions from gaseous fuel consumption (kt),EN.ATM.CO2E.GF.KT,1994.848,2819.923,2324.878,1958.178,2031.518,2112.192,2570.567,2801.588,2687.911,3762.342,5507.834,7179.986,9288.511,11477.71,14451.647,16985.544,19383.762,23256.114,26307.058,27799.527,27341.152,24407.552,22918.75,23457.799,24246.204,24840.258,26373.064,26622.42,27333.818,28844.622,29324.999,30802.8,30263.751,35756.917,41602.115,42471.194,44506.379,44194.684,50542.261,54616.298,59845.44,67212.443,54036.912,60795.193,71579.84,85026.729,103838.439,135433.311,149796.95,171916.294,199748.824,246191.379,277826.588,320389.457,353880.168,366949.356,403091.308,0.0,0.0,0.0,0.0,0.0,0.0
3090,China,Electric power consumption (kWh per capita),EG.USE.ELEC.KH.PC,0.0,0.0,0.0,0.0,0.0,0.0,0.0,0.0,0.0,0.0,0.0,151.989347346645,163.911928819183,175.933736988911,174.233353695785,199.039715406566,204.030364731354,220.657053065594,246.555772277797,267.374265354668,281.624687256366,285.817775698396,299.197921933712,317.020257790894,336.411641308803,362.812071852641,391.351624968363,426.554493166734,461.797518222997,487.373173021052,510.619854913516,548.953753106589,604.693683099136,662.63704558569,727.107359659684,770.280241190849,821.080859102296,852.740686543503,870.617222318398,913.963447975829,992.943384720171,1076.54912135865,1194.85629490784,1379.48463210183,1585.83878247787,1782.31215291627,2039.0146603408,2325.92676902765,2446.36905458402,2612.45662004417,2943.58995443689,3295.78486805176,3466.01953935563,3757.18508846571,3905.31759800563,0.0,0.0,0.0,0.0,0.0,0.0,0.0,0.0
3095,China,Renewable electricity output (% of total electricity output),EG.ELC.RNEW.ZS,0.0,0.0,0.0,0.0,0.0,0.0,0.0,0.0,0.0,0.0,0.0,0.0,0.0,0.0,0.0,0.0,0.0,0.0,0.0,0.0,0.0,0.0,0.0,0.0,0.0,0.0,0.0,0.0,0.0,0.0,20.4079398906752,18.4711307876776,17.5846836703706,18.1252601684878,18.0884357039359,19.2141393015674,17.5522106198623,17.5124660177764,18.0611563169165,16.6814659250101,16.6394981921286,18.9585191657511,17.6186278990475,15.0370403322247,16.2232664186372,16.1750249753446,15.5927834152258,15.263347136776,17.7374440648538,17.8637981987375,18.6228260527723,16.7617704327503,19.9662489377563,20.2962273802567,22.6091537829535,23.926817173663,0.0,0.0,0.0,0.0,0.0,0.0,0.0
3107,China,Forest area (sq. km),AG.LND.FRST.K2,0.0,0.0,0.0,0.0,0.0,0.0,0.0,0.0,0.0,0.0,0.0,0.0,0.0,0.0,0.0,0.0,0.0,0.0,0.0,0.0,0.0,0.0,0.0,0.0,0.0,0.0,0.0,0.0,0.0,0.0,1571405.9,1591265.86,1611125.82,1630985.78,1650845.74,1670705.7,1690565.66,1710425.62,1730285.58,1750145.54,1770005.5,1793615.33,1817225.16,1840834.99,1864444.82,1888054.65,1911664.48,1935274.31,1958884.14,1982493.97,2006103.8,2025471.54,2044839.28,2064207.02,2083574.76,2102942.5,2124598.67,2143394.7,2162190.4,2180986.1,2199781.8,0.0,0.0
3113,China,Arable land (% of land area),AG.LND.ARBL.ZS,0.0,10.9708531836557,10.9393402442518,10.9184377221556,10.8974290958863,10.8712213651363,10.82273175804,10.7710590257515,10.7193862934629,10.6700478529821,10.6175262873089,10.5715831803665,10.5223508440587,10.4721635701932,10.5316880112895,10.3755136773729,10.3560258533702,10.3364429031012,10.315575701244,10.3008802420878,10.2867153049228,10.3503779438665,10.8704071336185,11.4646984987273,12.1748559896527,12.8211385650638,12.8619888017299,12.8294147169079,12.9014596797554,13.0387589167578,13.2079956115174,13.320890811031,13.1104855660729,12.9400817216942,12.8761007016691,12.7573020736956,12.731638427071,12.6989849024532,12.6978442838029,12.697446393576,12.6970619754475,12.759858865325,12.80143520109,12.8211547472436,12.8408725348885,12.8669586059388,12.9030172525385,12.8966344923446,12.9226135155496,12.9429683203196,12.8778413090614,12.800416828082,12.7282023347818,12.7071931712043,12.6958930783302,12.6893569275309,12.6808167538056,12.6770178210856,12.676760346472,12.6767072944018,12.6765905798473,0.0,0.0
3115,China,Agricultural land (sq. km),AG.LND.AGRI.K2,0.0,3432480.0,3460010.0,3488540.0,3517060.0,3555090.0,3591120.0,3627150.0,3663130.0,3709280.0,3755180.0,3801650.0,3847810.0,3903880.0,3970290.0,4016370.0,4075333.333,4134286.667,4193960.0,4239605.0,4285190.0,4338180.0,4434180.0,4538310.0,4654380.0,4772440.0,4833530.0,4886610.0,4942790.0,5003880.0,5065920.0,5122710.0,5151980.0,5191060.0,5237130.0,5237140.0,5237520.0,5237442.5,5237385.0,5237347.5,5237310.0,5243228.444,5249146.889,5255055.333,5260913.778,5266822.222,5272720.667,5278619.111,5284517.556,5290386.0,5289168.0,5288851.0,5287995.0,5288015.0,5286950.0,5286334.0,5285529.0,5285121.0,5285097.0,5285092.0,5285081.0,0.0,0.0
4181,Germany,Urban population,SP.URB.TOTL,51978188.0,52609561.0,53122383.0,53664331.0,54147106.0,54659677.0,55166778.0,55468832.0,55765529.0,56259360.0,56496072.0,56645245.0,56961784.0,57186457.0,57253758.0,57085531.0,56885943.0,56801863.0,56796181.0,56865826.0,57028530.0,57229147.0,57267174.0,57114118.0,56792461.0,56485448.0,56438249.0,56695484.0,57044790.0,57469536.0,58079842.0,58625381.0,59146205.0,59647492.0,60028206.0,60378049.0,60725922.0,60986289.0,61167004.0,61376500.0,61629857.0,61902439.0,62174878.0,62376854.0,62529997.0,62660267.0,62753557.0,62833410.0,62875807.0,62877220.0,62940432.0,61940177.0,62064608.0,62242278.0,62510392.0,63062064.0,63592936.0,63861626.0,64096118.0,64294010.0,64410589.0,64513567.0,0.0
4183,Germany,"Population, total",SP.POP.TOTL,72814900.0,73377632.0,74025784.0,74714353.0,75318337.0,75963695.0,76600311.0,76951336.0,77294314.0,77909682.0,78169289.0,78312842.0,78688452.0,78936666.0,78967433.0,78673554.0,78336950.0,78159814.0,78091820.0,78126350.0,78288576.0,78407907.0,78333366.0,78128282.0,77858685.0,77684873.0,77720436.0,77839920.0,78144619.0,78751283.0,79433029.0,80013896.0,80624598.0,81156363.0,81438348.0,81678051.0,81914831.0,82034771.0,82047195.0,82100243.0,82211508.0,82349925.0,82488495.0,82534176.0,82516260.0,82469422.0,82376451.0,82266372.0,82110097.0,81902307.0,81776930.0,80274983.0,80425823.0,80645605.0,80982500.0,81686611.0,82348669.0,82657002.0,82905782.0,83092962.0,83160871.0,83196078.0,0.0
4188,Germany,"Mortality rate, under-5 (per 1,000 live births)",SH.DYN.MORT,0.0,0.0,0.0,0.0,0.0,0.0,0.0,0.0,27.1,26.4,25.6,24.9,24.0,23.1,22.0,20.8,19.6,18.3,17.1,16.0,15.0,14.1,13.2,12.5,11.8,11.1,10.6,10.1,9.5,9.0,8.5,8.0,7.6,7.2,6.8,6.5,6.2,5.9,5.7,5.5,5.4,5.2,5.1,5.0,4.9,4.7,4.6,4.5,4.4,4.3,4.2,4.1,4.0,4.0,4.0,3.9,3.9,3.9,3.8,3.7,3.6,3.6,0.0
4198,Germany,"Annual freshwater withdrawals, total (billion cubic meters)",ER.H2O.FWTL.K3,0.0,0.0,0.0,0.0,0.0,0.0,0.0,0.0,0.0,0.0,0.0,0.0,0.0,0.0,0.0,0.0,0.0,0.0,0.0,0.0,0.0,0.0,0.0,0.0,0.0,0.0,0.0,0.0,0.0,0.0,0.0,46.272,49.9484873,49.53953898,49.19992302,48.83088615,47.76515568,47.38274284,45.80673577,45.37060385,44.88727848,43.89921329,42.7784437033,41.6576741167,40.53690453,37.7762696867,35.0156348433,32.26,32.5003333333,32.7456666667,32.99,30.436,27.8806666667,25.326,25.0316666667,24.7373333333,24.443,24.443,24.443,24.443,0.0,0.0,0.0
4214,Germany,Total greenhouse gas emissions (kt of CO2 equivalent),EN.ATM.GHGT.KT.CE,0.0,0.0,0.0,0.0,0.0,0.0,0.0,0.0,0.0,0.0,0.0,0.0,0.0,0.0,0.0,0.0,0.0,0.0,0.0,0.0,0.0,0.0,0.0,0.0,0.0,0.0,0.0,0.0,0.0,0.0,1128090.0,1100760.00976563,1055380.00488281,1046880.00488281,1037319.94628906,1032959.9609375,1063069.94628906,1025930.05371094,1002900.02441406,965059.997558594,957530.029296875,976270.01953125,960150.024414063,961380.004882813,944900.024414063,922929.992675781,931729.98046875,903289.978027344,906159.973144531,849690.002441406,880159.973144531,850460.021972656,863679.992675781,880049.987792969,839190.002441406,843880.004882813,846940.002441406,829679.992675781,800960.021972656,749710.021972656,0.0,0.0,0.0
4218,Germany,CO2 emissions from solid fuel consumption (kt),EN.ATM.CO2E.SF.KT,0.0,0.0,0.0,0.0,0.0,0.0,0.0,0.0,0.0,0.0,0.0,0.0,0.0,0.0,0.0,0.0,0.0,0.0,0.0,0.0,0.0,0.0,0.0,0.0,0.0,0.0,0.0,0.0,0.0,0.0,0.0,445782.522,405548.198,381195.651,370755.702,354525.56,352281.356,336109.886,327903.14,312281.72,328060.821,334852.105,326117.311,328387.184,330268.355,315967.055,329509.286,334448.735,311654.663,279557.412,306465.858,301618.084,309597.476,316190.742,308387.366,308486.375,298574.474,0.0,0.0,0.0,0.0,0.0,0.0
4223,Germany,CO2 emissions from liquid fuel consumption (kt),EN.ATM.CO2E.LF.KT,0.0,0.0,0.0,0.0,0.0,0.0,0.0,0.0,0.0,0.0,0.0,0.0,0.0,0.0,0.0,0.0,0.0,0.0,0.0,0.0,0.0,0.0,0.0,0.0,0.0,0.0,0.0,0.0,0.0,0.0,0.0,333623.66,336696.606,340667.967,335226.139,336263.9,346692.848,340917.323,339773.219,324423.157,316880.138,326883.714,312322.057,304452.675,295292.509,288149.193,288790.918,254926.173,274702.304,259440.25,262982.572,252417.945,252436.28,258710.517,250800.798,253774.735,252344.605,0.0,0.0,0.0,0.0,0.0,0.0
4224,Germany,CO2 emissions (kt),EN.ATM.CO2E.KT,0.0,0.0,0.0,0.0,0.0,0.0,0.0,0.0,0.0,0.0,0.0,0.0,0.0,0.0,0.0,0.0,0.0,0.0,0.0,0.0,0.0,0.0,0.0,0.0,0.0,0.0,0.0,0.0,0.0,0.0,955310.0,932550.0,892820.0,887060.0,875900.0,874660.0,904340.0,872650.0,865250.0,833590.0,830280.0,847680.0,833380.004882813,836789.978027344,821070.007324219,802380.004882813,814409.973144531,783799.987792969,789690.002441406,734809.997558594,773070.007324219,746479.98046875,760130.004882813,776150.024414063,736010.009765625,742309.997558594,747150.024414063,732200.012207031,707700.012207031,657400.024414063,0.0,0.0,0.0
4227,Germany,CO2 emissions from gaseous fuel consumption (kt),EN.ATM.CO2E.GF.KT,0.0,0.0,0.0,0.0,0.0,0.0,0.0,0.0,0.0,0.0,0.0,0.0,0.0,0.0,0.0,0.0,0.0,0.0,0.0,0.0,0.0,0.0,0.0,0.0,0.0,0.0,0.0,0.0,0.0,0.0,0.0,132276.024,130255.507,136815.77,140141.739,154135.011,172374.669,164783.979,166573.475,164893.989,164567.626,173126.404,173082.4,173779.13,174490.528,178146.527,181615.509,175198.259,176727.398,166577.142,173845.136,159397.156,159910.536,167427.886,145147.194,149224.898,161080.309,0.0,0.0,0.0,0.0,0.0,0.0
4230,Germany,Electric power consumption (kWh per capita),EG.USE.ELEC.KH.PC,1586.74941529824,1683.4149131441,1790.68687742638,1916.92752796775,2060.547353827,2194.20606119805,2300.49979823189,2362.90894286748,2579.74991536894,2815.2213482273,3834.17840732823,4064.45471612434,4335.76962474748,4654.9850483931,4803.42320358824,4743.9448331011,5146.93257779375,5285.26078631661,5574.74521659247,5786.12721572171,5797.49975270977,5832.06487070239,5822.02735932476,5965.45819348748,6239.97181560413,6448.5398592336,6530.23871353475,6666.21959529249,6776.30791187298,6835.32990821242,6639.73169146049,6564.79719472728,6445.87399989269,6288.41635005255,6244.95722825812,6327.70975399499,6403.33372597692,6427.79876840273,6479.49024948385,6505.13299942364,6635.42140596667,6762.65339646636,6900.78052702986,7009.72649196861,7108.96252447699,7138.22148529185,7212.43744768757,7229.08991294766,7187.76400909623,6817.15839823657,7264.32259073555,7281.27217417162,7270.15252302734,7217.52908915495,7035.48297471676,0.0,0.0,0.0,0.0,0.0,0.0,0.0,0.0
4235,Germany,Renewable electricity output (% of total electricity output),EG.ELC.RNEW.ZS,0.0,0.0,0.0,0.0,0.0,0.0,0.0,0.0,0.0,0.0,0.0,0.0,0.0,0.0,0.0,0.0,0.0,0.0,0.0,0.0,0.0,0.0,0.0,0.0,0.0,0.0,0.0,0.0,0.0,0.0,3.48635077147813,3.16875254280307,3.69796429267415,3.92737044175262,4.46168638912425,4.86698923076346,4.82139711743973,4.20830968721431,4.5081692690654,5.19722375553122,6.19853122329914,6.51244401824412,7.64270028215289,7.55297770223143,9.26747449292675,10.1502111075024,11.3220131113963,13.9380080579109,14.6992338976639,16.0785536793646,16.7270736678142,20.3832827208232,23.0004585405584,24.0725497476084,26.1300965691114,29.2317701223308,0.0,0.0,0.0,0.0,0.0,0.0,0.0
4247,Germany,Forest area (sq. km),AG.LND.FRST.K2,0.0,0.0,0.0,0.0,0.0,0.0,0.0,0.0,0.0,0.0,0.0,0.0,0.0,0.0,0.0,0.0,0.0,0.0,0.0,0.0,0.0,0.0,0.0,0.0,0.0,0.0,0.0,0.0,0.0,0.0,113000.0,113054.0,113108.0,113162.0,113216.0,113270.0,113324.0,113378.0,113432.0,113486.0,113540.0,113595.0,113650.0,113705.0,113760.0,113815.0,113870.0,113925.0,113980.0,114035.0,114090.0,114110.0,114130.0,114150.0,114170.0,114190.0,114190.0,114190.0,114190.0,114190.0,114190.0,0.0,0.0
4253,Germany,Arable land (% of land area),AG.LND.ARBL.ZS,0.0,35.001288918168,34.9010397273222,34.8437544754103,34.8322974250279,34.8093833242632,34.8151118494544,34.5115000143213,34.4628075501962,34.3740154097328,34.2336665425486,34.2709019562914,34.3826081975195,34.3425085211812,34.4284363990491,34.4885859135566,34.6203419929539,34.5745137914244,34.6174777303583,34.5344141150861,34.457079025005,34.3826081975195,34.2995445822473,34.2766304814825,34.2336665425486,34.2479878555266,34.2565806433134,34.2136167043795,34.2222094921662,34.2250737547618,34.2880875318649,33.1080113424799,32.8444991836852,33.4440879926673,33.8145570164132,33.9014608994557,33.9024320375834,33.8977223893425,34.0352988367429,33.8758668118517,33.8271958733343,33.8578389223273,33.7986584876455,33.9067113901551,34.1141726639333,34.1323546278243,34.0272998394127,34.0637278802306,34.2253965522187,34.2646510427125,33.9845655105144,34.0687399586872,33.9530613415964,34.0403577161202,34.018343364861,33.9563148540962,33.6701396839936,33.694936600166,33.5766214437003,33.5270042073328,33.3838976501903,0.0,0.0
4255,Germany,Agricultural land (sq. km),AG.LND.AGRI.K2,0.0,193750.0,193930.0,194020.0,194580.0,195340.0,195310.0,194120.0,192850.0,192540.0,190230.0,189520.0,189490.0,188970.0,188210.0,187920.0,187580.0,187090.0,186590.0,185940.0,185190.0,184610.0,183960.0,183300.0,182840.0,182440.0,182080.0,181250.0,180970.0,180560.0,180320.0,171360.0,169510.0,171620.0,173080.0,173430.0,173370.0,173270.0,173730.0,171520.0,170680.0,170340.0,169670.0,170010.0,170130.0,170310.0,169460.0,169500.0,169210.0,168860.0,167000.0,167190.0,166640.0,166970.0,167250.0,167310.0,166590.0,166870.0,166450.0,166660.0,165950.0,0.0,0.0
5853,France,Urban population,SP.URB.TOTL,28866975.0,29526489.0,30271423.0,31179854.0,32114729.0,33054437.0,33987676.0,34910161.0,35692859.0,36223125.0,36752571.0,37291038.0,37825586.0,38334453.0,38806179.0,39172735.0,39393968.0,39618922.0,39851203.0,40085640.0,40343633.0,40615768.0,40893397.0,41154602.0,41404847.0,41663212.0,41923864.0,42190286.0,42457921.0,42718166.0,42985584.0,43466704.0,43784946.0,44076650.0,44343217.0,44605346.0,44866400.0,45127383.0,45395596.0,45749812.0,46221663.0,46717151.0,47215240.0,47708761.0,48218178.0,48737209.0,49233640.0,49694312.0,50131182.0,50550197.0,50963811.0,51375729.0,51793062.0,52230911.0,52647802.0,53009026.0,53323902.0,53654868.0,54024861.0,54388182.0,54715704.0,55041156.0,0.0
5855,France,"Population, total",SP.POP.TOTL,46649927.0,47161641.0,47679792.0,48189939.0,48733997.0,49282756.0,49817041.0,50334012.0,50817020.0,51272683.0,51724116.0,52185222.0,52637888.0,53053660.0,53415250.0,53715733.0,53966558.0,54221988.0,54486195.0,54753575.0,55052582.0,55371044.0,55694106.0,55992656.0,56275701.0,56569195.0,56865193.0,57168409.0,57472651.0,57766282.0,58044701.0,58557577.0,58849943.0,59106166.0,59327585.0,59543659.0,59756533.0,59969944.0,60192790.0,60504420.0,60921384.0,61367388.0,61816234.0,62256970.0,62716306.0,63188395.0,63628261.0,64021737.0,64379696.0,64710879.0,65030575.0,65345233.0,65662240.0,66002289.0,66312067.0,66548272.0,66724104.0,66918020.0,67158348.0,67388001.0,67571107.0,67749632.0,0.0
5860,France,"Mortality rate, under-5 (per 1,000 live births)",SH.DYN.MORT,28.5,27.0,25.7,24.5,23.4,22.3,21.4,20.6,19.9,19.1,18.2,17.4,16.6,15.9,15.4,15.0,14.5,13.9,13.3,12.8,12.4,11.9,11.5,11.1,10.7,10.4,10.1,9.8,9.6,9.3,9.0,8.6,8.1,7.6,7.0,6.5,6.1,5.8,5.6,5.5,5.4,5.3,5.1,4.9,4.8,4.6,4.5,4.4,4.4,4.3,4.2,4.2,4.1,4.1,4.1,4.2,4.2,4.3,4.3,4.3,4.4,4.4,0.0
5870,France,"Annual freshwater withdrawals, total (billion cubic meters)",ER.H2O.FWTL.K3,0.0,0.0,0.0,0.0,0.0,0.0,0.0,0.0,0.0,0.0,0.0,0.0,0.0,0.0,0.0,0.0,0.0,0.0,0.0,0.0,30.964,31.7478,32.5316,33.3154,34.0992,34.883,35.4426,36.0022,36.5618,37.1214,37.681,38.45,39.219,37.4414,35.6638,33.8862,32.1086,30.331,31.1203333333,31.9096666667,32.699,32.5265,32.354,32.7186666667,33.0833333333,33.448,32.22,30.992,28.66,28.4703,28.578,30.146,28.063,27.157,27.297,28.116,26.436,26.946,26.85,26.85,0.0,0.0,0.0
5886,France,Total greenhouse gas emissions (kt of CO2 equivalent),EN.ATM.GHGT.KT.CE,0.0,0.0,0.0,0.0,0.0,0.0,0.0,0.0,0.0,0.0,0.0,0.0,0.0,0.0,0.0,0.0,0.0,0.0,0.0,0.0,0.0,0.0,0.0,0.0,0.0,0.0,0.0,0.0,0.0,0.0,495850.0,520919.982910156,506339.996337891,487350.006103516,481649.993896484,490359.985351563,510100.006103516,500769.989013672,516820.007324219,507640.014648438,506029.998779297,511209.991455078,504279.998779297,509459.991455078,507750.0,509040.008544922,499200.012207031,492480.010986328,486459.991455078,468660.003662109,472619.995117188,456720.001220703,460299.987792969,461269.989013672,427769.989013672,433220.001220703,433600.006103516,436179.992675781,422739.990234375,414040.008544922,0.0,0.0,0.0
5890,France,CO2 emissions from solid fuel consumption (kt),EN.ATM.CO2E.SF.KT,180988.452,181875.866,186459.616,197676.969,190427.31,178274.872,164600.629,162048.397,155370.79,155590.81,146093.28,133115.767,117696.032,115598.508,115913.87,101663.908,119753.219,116742.612,114472.739,125011.697,125231.717,110237.354,113423.977,101025.85,97978.573,95584.022,78191.441,72129.89,73549.019,78415.128,74957.147,79243.87,69680.334,55745.734,55210.352,57516.895,62027.305,54425.614,64275.176,57450.889,55584.386,47146.619,50446.919,53303.512,51081.31,52823.135,49005.788,50776.949,48422.735,42181.501,45221.444,38661.181,42702.215,46508.561,34539.473,0.0,0.0,0.0,0.0,0.0,0.0,0.0,0.0
5895,France,CO2 emissions from liquid fuel consumption (kt),EN.ATM.CO2E.LF.KT,77469.042,83728.611,94502.257,117707.033,134083.855,152341.848,160412.915,185729.883,202286.388,227328.331,259568.595,287232.443,316462.1,349479.768,329839.316,290052.366,327679.453,304614.023,328786.887,337525.348,313675.18,278383.972,261156.406,256205.956,242363.031,237683.939,239983.148,240965.904,233628.237,244812.587,227948.054,232909.505,220474.708,227302.662,208652.3,214083.127,228685.121,215498.589,226917.627,223356.97,214680.848,234497.316,229081.157,227533.683,230269.265,227973.723,224772.432,219095.916,216129.313,212667.665,201538.32,198696.395,194105.311,189268.538,185605.205,0.0,0.0,0.0,0.0,0.0,0.0,0.0,0.0
5896,France,CO2 emissions (kt),EN.ATM.CO2E.KT,0.0,0.0,0.0,0.0,0.0,0.0,0.0,0.0,0.0,0.0,0.0,0.0,0.0,0.0,0.0,0.0,0.0,0.0,0.0,0.0,0.0,0.0,0.0,0.0,0.0,0.0,0.0,0.0,0.0,0.0,356240.0,380650.0,368590.0,349420.0,344400.0,352240.0,367900.0,359070.0,381110.0,374900.0,373120.0,376730.0,371019.989013672,376709.991455078,377790.008544922,380660.003662109,371549.987792969,362829.986572266,357989.990234375,343730.010986328,347779.998779297,335140.014648438,338420.013427734,338559.997558594,306100.006103516,311299.987792969,313920.013427734,317829.986572266,307049.987792969,300519.989013672,0.0,0.0,0.0
5899,France,CO2 emissions from gaseous fuel consumption (kt),EN.ATM.CO2E.GF.KT,5691.184,7931.721,9325.181,9592.872,10047.58,10080.583,10601.297,12071.764,14312.301,16604.176,18881.383,22321.029,26457.405,31129.163,32375.943,36079.613,38774.858,40399.339,43945.328,48507.076,49137.8,50131.557,48338.394,53149.498,53673.879,55870.412,55723.732,52650.786,52412.431,54040.579,59621.753,65316.604,65180.925,66666.06,63637.118,67740.491,74861.805,71774.191,76526.623,78026.426,81917.113,85998.484,85851.804,90050.519,91953.692,93963.208,90747.249,88147.346,91348.637,88088.674,97428.523,84839.712,87534.957,89339.121,74652.786,0.0,0.0,0.0,0.0,0.0,0.0,0.0,0.0
5902,France,Electric power consumption (kWh per capita),EG.USE.ELEC.KH.PC,1461.82436684199,1552.97819259512,1662.02486789372,1765.43074686191,1916.2187743394,2009.93223674423,2117.28753620674,2205.98350077876,2283.66401650471,2484.9099470765,2638.78845217964,2761.70138741577,2938.28278216634,3171.95835310891,3276.06816405427,3267.64599861273,3611.49584526032,3707.4258509297,3947.60544391107,4216.56485444101,4430.72769956548,4585.46528398489,4620.52483614693,4713.24310816761,4950.11159434513,5267.4074644336,5520.79371294845,5665.1742748342,5753.48438338089,5878.08299658268,5988.66036022823,6359.9626056932,6475.92810752595,6453.0661657195,6530.36863037658,6621.74623833581,6904.76805272488,6832.55598837978,7014.74379240437,7148.38684512636,7223.47345227745,7341.0652576577,7297.95347934007,7528.08882282578,7660.09720024008,7651.76896802016,7539.47998044454,7512.93267784971,7642.8910133406,7337.60701967903,7734.36187516411,7232.70816097633,7363.15118095271,7367.44145343202,6939.94352490927,0.0,0.0,0.0,0.0,0.0,0.0,0.0,0.0
5907,France,Renewable electricity output (% of total electricity output),EG.ELC.RNEW.ZS,0.0,0.0,0.0,0.0,0.0,0.0,0.0,0.0,0.0,0.0,0.0,0.0,0.0,0.0,0.0,0.0,0.0,0.0,0.0,0.0,0.0,0.0,0.0,0.0,0.0,0.0,0.0,0.0,0.0,0.0,13.3698786430456,13.2201978689672,15.4539782744326,14.238354192661,17.0581951271932,15.3611250791428,13.4486212585435,13.2645341583911,12.7678574948843,14.4667396980644,12.9678764686538,14.2563718855793,11.5972761591677,11.2300179517866,11.2429885178738,9.86064669736174,10.9475758299498,11.6909263128767,12.9792089338645,13.1271635670849,13.8573593131131,11.5747472478095,14.8273540719154,17.045286239218,16.4559049430271,15.8576666299907,0.0,0.0,0.0,0.0,0.0,0.0,0.0
5919,France,Forest area (sq. km),AG.LND.FRST.K2,0.0,0.0,0.0,0.0,0.0,0.0,0.0,0.0,0.0,0.0,0.0,0.0,0.0,0.0,0.0,0.0,0.0,0.0,0.0,0.0,0.0,0.0,0.0,0.0,0.0,0.0,0.0,0.0,0.0,0.0,144360.0,145212.0,146064.0,146916.0,147768.0,148620.0,149472.0,150324.0,151176.0,152028.0,152880.0,154011.0,155142.0,156273.0,157404.0,158535.0,159666.0,160797.0,161928.0,163059.0,164190.0,165024.0,165858.0,166692.0,167526.0,168360.0,169194.0,170028.0,170862.0,171696.0,172530.0,0.0,0.0
5925,France,Arable land (% of land area),AG.LND.ARBL.ZS,0.0,35.8057293550001,35.6669333011911,35.529963511248,34.8414620338005,34.3264556236143,33.7183097562668,33.0115456401603,32.1038924988038,32.0783248046811,31.8080377525266,31.1487564969337,31.0957948448224,31.22180705157,31.5541870751654,31.6546315877903,31.2857262868768,31.5304456449086,31.6911568651085,31.7788175306721,31.9084822651516,32.0071005139107,32.2353834971492,32.2682562467356,32.5239331879627,32.7321272686763,32.8690970586194,33.1777356519579,32.5312382434264,32.3429504388512,32.4797376024078,32.5646588721725,32.5931485884807,32.9344773050189,33.0484361702516,33.18887586154,33.2471336788625,33.3660234565331,33.4535014957101,33.5176033574035,33.5199162842173,33.5043930697065,33.5511453392918,33.5022916145707,33.5447534274345,33.5628984744967,33.4924035305913,33.3959752135394,33.3640150705771,33.3411863970326,33.422456474851,33.3744249457134,33.3877568910634,33.4315879442688,33.4816283966783,33.7475367861245,33.5232971179256,33.7213605158915,33.1041334509467,32.9920410112555,32.793955697763,0.0,0.0
5927,France,Agricultural land (sq. km),AG.LND.AGRI.K2,0.0,345390.0,344400.0,343540.0,341090.0,340010.0,338460.0,336290.0,331780.0,331730.0,324950.0,326230.0,325150.0,324600.0,324420.0,323570.0,320210.0,319100.0,319610.0,318340.0,317220.0,316870.0,316460.0,315650.0,315080.0,314420.0,313950.0,313530.0,308300.0,307409.0,305928.0,304849.0,303843.0,302913.0,302049.0,301502.0,300963.0,300396.0,299800.0,299291.0,298074.0,297133.0,296107.0,295346.0,294584.0,293904.0,293127.0,292061.0,291101.0,290199.0,289263.0,288786.0,288448.0,287737.0,287665.0,287269.0,287180.21,286974.99,286601.0,286211.86,285537.54,0.0,0.0
6157,United Kingdom,Urban population,SP.URB.TOTL,41104656.0,41381472.0,41661202.0,41900114.0,42098400.0,42294196.0,42452048.0,42603817.0,42733856.0,42833742.0,42925829.0,43056861.0,43295638.0,43470962.0,43590038.0,43677888.0,43757644.0,43833733.0,43925435.0,44054299.0,44195960.0,44271630.0,44228171.0,44215089.0,44257473.0,44329755.0,44404206.0,44470325.0,44540723.0,44628280.0,44733264.0,44855736.0,45011752.0,45154426.0,45304828.0,45459651.0,45610451.0,45762480.0,45931122.0,46119137.0,46319551.0,46557334.0,46930583.0,47323791.0,47767769.0,48269624.0,48798541.0,49351705.0,49913475.0,50463084.0,51030310.0,51600211.0,52130345.0,52650595.0,53209683.0,53802927.0,54382825.0,54923317.0,55426598.0,55909924.0,56282971.0,56656654.0,0.0
6159,United Kingdom,"Population, total",SP.POP.TOTL,52400000.0,52800000.0,53250000.0,53650000.0,54000000.0,54348050.0,54648500.0,54943600.0,55211700.0,55441750.0,55663250.0,55896223.0,56086065.0,56194527.0,56229974.0,56225800.0,56211968.0,56193492.0,56196504.0,56246951.0,56314216.0,56333829.0,56313641.0,56332848.0,56422072.0,56550268.0,56681396.0,56802050.0,56928327.0,57076711.0,57247586.0,57424897.0,57580402.0,57718614.0,57865745.0,58019030.0,58166950.0,58316954.0,58487141.0,58682466.0,58892514.0,59119673.0,59370479.0,59647577.0,59987905.0,60401206.0,60846820.0,61322463.0,61806995.0,62276270.0,62766365.0,63258810.0,63700215.0,64128273.0,64602298.0,65116219.0,65611593.0,66058859.0,66460344.0,66836327.0,67081000.0,67326569.0,0.0
6164,United Kingdom,"Mortality rate, under-5 (per 1,000 live births)",SH.DYN.MORT,26.6,26.1,25.6,24.9,24.2,23.4,22.8,22.2,21.8,21.4,21.0,20.6,20.0,19.4,18.7,18.0,17.2,16.4,15.7,14.9,14.1,13.4,12.7,12.1,11.7,11.4,11.1,10.8,10.4,9.9,9.3,8.7,8.2,7.7,7.4,7.2,7.0,6.9,6.8,6.7,6.5,6.4,6.3,6.2,6.1,6.0,5.9,5.8,5.6,5.4,5.2,5.0,4.8,4.6,4.5,4.5,4.4,4.4,4.4,4.3,4.3,4.2,0.0
6174,United Kingdom,"Annual freshwater withdrawals, total (billion cubic meters)",ER.H2O.FWTL.K3,0.0,0.0,0.0,0.0,0.0,0.0,0.0,0.0,0.0,0.0,0.0,0.0,0.0,0.0,0.0,0.0,0.0,0.0,0.0,0.0,13.48,13.084,12.688,12.292,11.896,11.5,11.604,11.708,11.812,11.916,12.02,12.034,12.048,12.062,12.076,12.09,12.1687909091,12.2475818182,12.3263727273,12.4051636364,12.4839545455,12.5627454545,12.6415363636,12.7203272727,12.7991181818,12.8779090909,12.9567,8.513,8.347,8.281,8.264,7.685,8.017,7.651,7.285,8.16,8.419,8.419,8.419,8.419,0.0,0.0,0.0
6190,United Kingdom,Total greenhouse gas emissions (kt of CO2 equivalent),EN.ATM.GHGT.KT.CE,0.0,0.0,0.0,0.0,0.0,0.0,0.0,0.0,0.0,0.0,0.0,0.0,0.0,0.0,0.0,0.0,0.0,0.0,0.0,0.0,0.0,0.0,0.0,0.0,0.0,0.0,0.0,0.0,0.0,0.0,746350.0,755150.024414063,737289.978027344,718739.990234375,715940.002441406,708039.978027344,729559.997558594,709650.024414063,707369.995117188,683409.973144531,685570.007324219,694260.009765625,676109.985351563,685039.978027344,679869.995117188,673969.970703125,670489.990234375,655179.992675781,634809.997558594,578809.997558594,591320.007324219,548390.014648438,568539.978027344,551159.973144531,511660.003662109,496299.987792969,476540.008544922,461609.985351563,453429.992675781,440079.986572266,0.0,0.0,0.0
6194,United Kingdom,CO2 emissions from solid fuel consumption (kt),EN.ATM.CO2E.SF.KT,448419.095,443241.291,437667.451,439662.299,426589.444,422614.416,403674.361,368782.856,370601.688,368247.474,353190.772,341691.06,293385.669,296091.915,263580.293,276414.793,275182.681,271302.995,259348.575,281790.615,260921.718,261618.448,244944.599,247427.158,177691.819,234493.649,248677.605,259495.255,249972.056,246081.369,236125.464,236682.848,224900.777,197291.934,185799.556,175795.98,165026.001,149147.891,145836.59,130229.838,137380.488,146404.975,134729.247,144890.504,140666.12,143372.366,155821.831,146947.691,135902.687,111891.171,116280.57,114769.766,145642.239,141208.836,114509.409,90435.554,45012.425,0.0,0.0,0.0,0.0,0.0,0.0
6199,United Kingdom,CO2 emissions from liquid fuel consumption (kt),EN.ATM.CO2E.LF.KT,128997.726,138377.912,148370.487,156859.592,172789.04,189858.925,204875.29,212194.622,220933.083,238182.651,265281.781,269634.51,289450.978,292003.21,271512.014,241446.281,235843.105,240287.509,247606.841,253283.357,214453.494,195190.743,196210.169,187222.352,238769.371,205645.36,201219.291,193599.265,206312.754,222440.22,204358.243,207486.194,209741.399,205887.382,210639.814,202667.756,201424.643,193166.559,193470.92,196664.877,193925.628,190390.64,187512.045,189055.852,187695.395,193800.95,190379.639,184519.773,183078.642,173878.139,175319.27,165037.002,164545.624,157827.68,161381.003,166162.771,167816.588,0.0,0.0,0.0,0.0,0.0,0.0
6200,United Kingdom,CO2 emissions (kt),EN.ATM.CO2E.KT,0.0,0.0,0.0,0.0,0.0,0.0,0.0,0.0,0.0,0.0,0.0,0.0,0.0,0.0,0.0,0.0,0.0,0.0,0.0,0.0,0.0,0.0,0.0,0.0,0.0,0.0,0.0,0.0,0.0,0.0,561770.0,570680.0,557890.0,541380.0,535180.0,526810.0,545480.0,524190.0,526000.0,522750.0,530890.0,545260.0,530789.978027344,543039.978027344,543080.017089844,540919.982910156,542059.997558594,530500.0,515340.026855469,466489.990234375,482440.002441406,445589.996337891,467779.998779297,453760.009765625,415600.006103516,401079.986572266,380809.997558594,367000.0,360730.010986328,348920.013427734,0.0,0.0,0.0
6203,United Kingdom,CO2 emissions from gaseous fuel consumption (kt),EN.ATM.CO2E.GF.KT,150.347,150.347,216.353,289.693,513.38,1686.82,1650.15,2779.586,6270.57,12262.448,23124.102,37256.72,52702.124,57040.185,68217.201,71440.494,74099.069,79075.188,81590.75,89265.781,88495.711,89680.152,93391.156,97248.84,99691.062,108029.82,108356.183,107597.114,105950.631,104795.526,108110.494,116529.926,116152.225,132331.029,137919.537,149144.224,173977.148,174567.535,181802.526,192840.196,200174.196,198454.373,196635.541,196697.88,200980.936,195759.128,185660.21,187724.731,194446.342,178879.927,194259.325,161109.645,152044.821,150666.029,137281.479,141322.513,158960.783,0.0,0.0,0.0,0.0,0.0,0.0
6206,United Kingdom,Electric power consumption (kWh per capita),EG.USE.ELEC.KH.PC,2412.13740458015,2553.69318181818,2780.6572769953,3002.08760484623,3127.46296296296,3330.18387964242,3425.80308700147,3506.88706236941,3762.59017563306,4006.33096898998,4166.93240153962,4254.65241184543,4372.63694645007,4671.71829740644,4534.25427513091,4492.42162850506,4587.68851501517,4668.42316900327,4729.84938707219,4922.91573280123,4683.93273911511,4572.95384625817,4480.33541287092,4549.17528756934,4597.73969307614,4826.71452591524,4953.65357621044,5082.43980630981,5232.73764921987,5295.22452686526,5356.57521000099,5451.67717061817,5452.3933334123,5491.98911810322,5380.26426515376,5575.8084890423,5815.82840427425,5831.95754702826,5908.87149023065,6007.48441621387,6114.52925918564,6141.98255122284,6142.74983363365,6174.55089583941,6138.75413718816,6270.98405949047,6200.5541127704,6102.39676772278,6015.72686068947,5643.1285945674,5700.85586444268,5471.93347456267,5449.25947267211,5409.62642171886,5130.39025330028,0.0,0.0,0.0,0.0,0.0,0.0,0.0,0.0
6211,United Kingdom,Renewable electricity output (% of total electricity output),EG.ELC.RNEW.ZS,0.0,0.0,0.0,0.0,0.0,0.0,0.0,0.0,0.0,0.0,0.0,0.0,0.0,0.0,0.0,0.0,0.0,0.0,0.0,0.0,0.0,0.0,0.0,0.0,0.0,0.0,0.0,0.0,0.0,0.0,1.82876744661768,1.65643904503473,2.00566157083539,1.77762579080721,2.13984198089987,2.06653453196948,1.62748022547114,1.98923191477175,2.39532069159381,2.63271731690623,2.66310517529215,2.49733241275421,2.89317333818692,2.68494730240932,3.61303216638809,4.28348161223592,4.60208931703226,5.01029338042756,5.67705220486968,6.76680846273229,6.81281342640788,9.48905310077413,11.423960176561,14.988480137732,19.2628536831965,24.8400504227664,0.0,0.0,0.0,0.0,0.0,0.0,0.0
6223,United Kingdom,Forest area (sq. km),AG.LND.FRST.K2,0.0,0.0,0.0,0.0,0.0,0.0,0.0,0.0,0.0,0.0,0.0,0.0,0.0,0.0,0.0,0.0,0.0,0.0,0.0,0.0,0.0,0.0,0.0,0.0,0.0,0.0,0.0,0.0,0.0,0.0,27780.0,27956.0,28132.0,28308.0,28484.0,28660.0,28836.0,29012.0,29188.0,29364.0,29540.0,29645.0,29750.0,29855.0,29960.0,30065.0,30170.0,30275.0,30380.0,30485.0,30590.0,30782.0,30974.0,31166.0,31358.0,31550.0,31590.0,31640.0,31730.0,31820.0,31900.0,0.0,0.0
6229,United Kingdom,Arable land (% of land area),AG.LND.ARBL.ZS,0.0,29.6573388996817,29.9094779481668,30.0706816021163,30.3972223370396,30.3352209316744,30.2732195263093,30.2112181209441,30.078948456165,29.6077377753896,29.3555987269045,29.4796015376349,29.4672012565618,29.2439961972471,29.2109287810524,28.3925102302319,28.4958459058405,28.6074484354979,28.6694498408631,28.227173149258,28.5950481544248,28.549580457157,28.5743810193031,28.5165130409623,28.6115818625222,28.8926549001777,28.6859835489604,28.6653164138387,28.4627784896458,27.7022279171661,27.3632869011698,27.1442152688794,27.0904807175629,25.1767040052908,24.4326871409085,24.5360228165172,25.2056379944612,26.3216632910346,25.8463191832348,24.4574877030546,24.2880171950564,23.3579961145786,23.9160087628653,23.3910635307734,24.0524118546687,23.6804034224776,25.1891042863638,25.1519034431447,24.821229281197,25.0031000702683,24.6765593353449,25.0568346215848,25.6768486752366,25.8975736783367,25.7657173562601,24.8460298433431,24.9080746496921,25.1431380977969,24.9567536064151,25.1543768858761,24.7117025585913,0.0,0.0
6231,United Kingdom,Agricultural land (sq. km),AG.LND.AGRI.K2,0.0,198000.0,197790.0,197470.0,197030.0,195850.0,195500.0,195540.0,194260.0,193800.0,188490.0,188430.0,187560.0,186960.0,186380.0,185830.0,185680.0,184900.0,184780.0,184520.0,184690.0,183200.0,182810.0,182160.0,182020.0,181680.0,181300.0,181160.0,184230.0,183060.0,182030.0,181430.0,180700.0,175340.0,174090.0,173790.0,174940.0,175850.0,175180.0,172190.0,169640.0,169530.0,169760.0,169560.0,170510.0,169560.0,178380.0,176470.0,176840.0,173250.0,172240.0,171640.0,171820.0,172502.0,172320.0,171380.0,173499.818,174661.525,173508.616,175212.961,172592.981,0.0,0.0
8285,India,Urban population,SP.URB.TOTL,79932899.0,82289370.0,85082467.0,87963683.0,90940579.0,93946480.0,96971069.0,100070141.0,103304423.0,106674456.0,110162257.0,113948536.0,118438504.0,123114078.0,127986735.0,133010186.0,138180350.0,143540276.0,149104062.0,154888632.0,160953420.0,166932604.0,172426704.0,178095921.0,183956909.0,189973343.0,196158550.0,202485214.0,208957670.0,215601807.0,222374415.0,229151406.0,235824041.0,242620668.0,249539704.0,256565748.0,263686524.0,270911166.0,278238779.0,285648480.0,293168849.0,301227098.0,310207535.0,319267849.0,328414552.0,337558628.0,346659205.0,355789232.0,364989009.0,374274816.0,383721793.0,393333604.0,403171286.0,413200994.0,423338709.0,433595954.0,444186310.0,455009748.0,465871825.0,476786386.0,487702168.0,498179071.0,0.0
8287,India,"Population, total",SP.POP.TOTL,445954579.0,456351876.0,467024193.0,477933619.0,489059309.0,500114346.0,510992617.0,521987069.0,533431909.0,545314670.0,557501301.0,569999178.0,582837973.0,596107483.0,609721951.0,623524219.0,637451448.0,651685628.0,666267760.0,681248383.0,696828385.0,712869298.0,729169466.0,745826546.0,762895156.0,780242084.0,797878993.0,815716125.0,833729681.0,852012673.0,870452165.0,888941756.0,907574049.0,926351297.0,945261958.0,964279129.0,983281218.0,1002335230.0,1021434576.0,1040500054.0,1059633675.0,1078970907.0,1098313039.0,1117415123.0,1136264583.0,1154638713.0,1172373788.0,1189691809.0,1206734806.0,1223640160.0,1240613620.0,1257621191.0,1274487215.0,1291132063.0,1307246509.0,1322866505.0,1338636340.0,1354195680.0,1369003306.0,1383112050.0,1396387127.0,1407563842.0,0.0
8292,India,"Mortality rate, under-5 (per 1,000 live births)",SH.DYN.MORT,242.8,239.3,236.1,233.2,230.4,227.8,225.3,222.7,220.2,217.5,214.5,211.4,208.1,204.4,200.3,195.9,190.9,185.6,180.1,174.5,169.0,163.8,159.0,154.5,150.3,146.2,142.2,138.2,134.2,130.3,126.5,122.9,119.5,116.2,112.8,109.4,106.0,102.5,98.9,95.3,91.6,88.0,84.5,81.1,77.7,74.4,71.1,67.8,64.5,61.3,58.1,55.0,52.0,49.1,46.2,43.6,41.0,38.7,36.4,34.3,32.4,30.6,0.0
8302,India,"Annual freshwater withdrawals, total (billion cubic meters)",ER.H2O.FWTL.K3,0.0,0.0,0.0,0.0,0.0,0.0,0.0,0.0,0.0,0.0,0.0,0.0,0.0,0.0,0.0,380.0,391.67,403.34,415.01,426.68,438.35,450.02,461.69,473.36,485.03,496.7,497.36,498.02,498.68,499.34,500.0,511.03995,522.0799,533.11985,544.1598,555.19975,566.2397,577.2795,588.3195,599.35955,610.3995,625.45949,640.51948,655.57947,625.2397,628.94975,632.6598,636.36985,640.0799,643.78995,647.5,647.5,647.5,647.5,647.5,647.5,647.5,647.5,647.5,647.5,0.0,0.0,0.0
8318,India,Total greenhouse gas emissions (kt of CO2 equivalent),EN.ATM.GHGT.KT.CE,0.0,0.0,0.0,0.0,0.0,0.0,0.0,0.0,0.0,0.0,0.0,0.0,0.0,0.0,0.0,0.0,0.0,0.0,0.0,0.0,0.0,0.0,0.0,0.0,0.0,0.0,0.0,0.0,0.0,0.0,1219550.0,1273250.0,1298280.02929688,1331219.97070313,1375469.97070313,1440609.98535156,1492170.04394531,1551530.02929688,1581959.9609375,1658410.03417969,1697229.98046875,1719689.94140625,1738530.02929688,1779369.99511719,1866489.99023438,1940030.02929688,2037300.04882813,2180790.0390625,2281000.0,2423800.04882813,2533989.99023438,2645629.8828125,2795860.10742188,2863840.08789063,3044959.9609375,3064540.0390625,3106340.08789063,3242169.921875,3388909.91210938,3394870.1171875,0.0,0.0,0.0
8322,India,CO2 emissions from solid fuel consumption (kt),EN.ATM.CO2E.SF.KT,97208.503,104956.874,114227.05,122144.103,117167.984,128818.043,129404.763,131740.642,136973.451,136463.738,136669.09,140449.767,148641.845,152440.857,161102.311,178465.556,186855.652,196356.849,193236.232,199800.162,218289.176,232634.48,235751.43,257207.047,256073.944,280184.469,302175.468,322846.347,350847.559,375687.817,405430.854,434774.188,455096.702,479108.218,504106.157,521810.433,558066.062,583753.397,579774.702,620042.029,633701.604,643881.196,662153.857,692344.268,741104.367,798071.212,855698.117,931927.713,1007497.249,1088420.605,1093532.403,1210839.733,1363548.281,1326152.215,1487808.243,1488152.941,1516605.194,0.0,0.0,0.0,0.0,0.0,0.0
8327,India,CO2 emissions from liquid fuel consumption (kt),EN.ATM.CO2E.LF.KT,19460.769,21327.272,24906.264,27128.466,28144.225,30839.47,35705.579,32724.308,42284.177,45386.459,49372.488,55489.044,58925.023,61799.951,60677.849,61887.959,63490.438,68613.237,75378.852,82731.187,83244.567,89786.495,94483.922,99251.022,106192.653,116856.289,121957.086,127776.615,133724.489,150838.378,158297.056,166558.807,188208.775,187031.668,199118.1,216459.343,243360.455,244401.883,263107.25,285483.284,303752.278,298068.428,284834.225,293851.378,296858.318,300011.938,316902.14,335739.519,403403.003,454836.345,414257.323,412508.164,435357.241,461172.921,510915.776,599316.145,648956.324,0.0,0.0,0.0,0.0,0.0,0.0
8328,India,CO2 emissions (kt),EN.ATM.CO2E.KT,0.0,0.0,0.0,0.0,0.0,0.0,0.0,0.0,0.0,0.0,0.0,0.0,0.0,0.0,0.0,0.0,0.0,0.0,0.0,0.0,0.0,0.0,0.0,0.0,0.0,0.0,0.0,0.0,0.0,0.0,563580.0,607230.0,626290.0,651350.0,685900.0,737860.0,774070.0,819270.0,836270.0,901330.0,937860.0,953540.0,985450.012207031,1011770.01953125,1085670.04394531,1136469.97070313,1215209.9609375,1336739.99023438,1424380.00488281,1564880.00488281,1659979.98046875,1756739.99023438,1909439.94140625,1972430.05371094,2147110.10742188,2158020.01953125,2195250.0,2320409.91210938,2451929.93164063,2456300.04882813,0.0,0.0,0.0
8331,India,CO2 emissions from gaseous fuel consumption (kt),EN.ATM.CO2E.GF.KT,0.0,3.667,11.001,11.001,22.002,282.359,311.695,487.711,751.735,997.424,924.084,1085.432,1206.443,1169.773,1360.457,1734.491,2295.542,2482.559,2742.916,3032.609,2489.893,2885.929,4363.73,5247.477,6175.228,7205.655,10318.938,12786.829,15218.05,18533.018,21114.586,23582.477,27278.813,27018.456,29024.305,39082.886,39779.616,46061.187,47634.33,42350.183,43908.658,43604.297,47172.288,50028.881,49625.511,50479.922,49482.498,52738.794,63098.069,91245.961,100318.119,91443.979,78151.104,101883.928,92694.426,98994.332,95829.711,0.0,0.0,0.0,0.0,0.0,0.0
8334,India,Electric power consumption (kWh per capita),EG.USE.ELEC.KH.PC,0.0,0.0,0.0,0.0,0.0,0.0,0.0,0.0,0.0,0.0,0.0,97.4071580152349,100.003779266455,100.406389295402,103.835854845252,114.48151944199,124.158475517339,126.396833781334,136.168978069718,136.089864304309,142.139732152272,152.415036395634,158.765561913971,166.487772077772,184.248122293753,194.556283380377,209.044230344839,221.291444986453,241.102127681118,258.041936425516,272.946647217541,291.662528225303,305.013128465951,320.914971418235,341.35405246045,358.629560258791,359.481085908426,374.947411556112,385.126966761305,391.119633714118,392.510175745406,392.360903573464,408.776900626416,428.213284527025,448.972015525718,465.176677304081,506.222508618557,538.786595949405,558.426753458539,595.605655832676,637.125844225376,692.779356959802,718.295946185698,758.110675158719,797.349232010839,0.0,0.0,0.0,0.0,0.0,0.0,0.0,0.0
8339,India,Renewable electricity output (% of total electricity output),EG.ELC.RNEW.ZS,0.0,0.0,0.0,0.0,0.0,0.0,0.0,0.0,0.0,0.0,0.0,0.0,0.0,0.0,0.0,0.0,0.0,0.0,0.0,0.0,0.0,0.0,0.0,0.0,0.0,0.0,0.0,0.0,0.0,0.0,24.4892939617124,22.8074022101386,20.7526521363897,19.5588133409081,21.21909967171,17.2605391115517,15.7672939365417,16.015130807865,16.7011082856411,15.2580757461935,13.5909480276924,13.2070435298578,12.0551611624532,13.4694247561217,14.4825005007376,16.6190180757235,17.5404247180092,17.8640856862195,16.5098337370558,15.6600552489802,16.0437444354595,17.316962856526,15.732973360913,17.3493138262499,16.2538398153488,15.3430503454798,0.0,0.0,0.0,0.0,0.0,0.0,0.0
8351,India,Forest area (sq. km),AG.LND.FRST.K2,0.0,0.0,0.0,0.0,0.0,0.0,0.0,0.0,0.0,0.0,0.0,0.0,0.0,0.0,0.0,0.0,0.0,0.0,0.0,0.0,0.0,0.0,0.0,0.0,0.0,0.0,0.0,0.0,0.0,0.0,639380.0,643033.0,646686.0,650339.0,653992.0,657645.0,661298.0,664951.0,668604.0,672257.0,675910.0,677815.0,679720.0,681625.0,683530.0,685435.0,687340.0,689245.0,691150.0,693055.0,694960.0,697624.0,700288.0,702952.0,705616.0,708280.0,710944.0,713608.0,716272.0,718936.0,721600.0,0.0,0.0
8357,India,Arable land (% of land area),AG.LND.ARBL.ZS,0.0,52.4036472610227,52.7043344017705,52.9633154961506,53.0514363360566,53.2142244525241,53.3400152697944,53.7402587792909,53.8374607744544,53.8061812396786,54.0026032645071,53.7321866412843,53.8768124472368,54.1653913809746,54.3190983421847,54.4324446133614,54.5061028726721,54.5067755508393,54.9036556694998,54.9726051816399,54.7741651223097,54.7936727891591,54.906010043085,54.7331317541092,55.0311281821881,55.0048937336665,54.9608333137136,54.892220140657,54.7788738694803,54.9833680323155,54.9776502678941,54.884484341734,54.7243869379354,54.6840262479021,54.6635095638018,54.456997366465,54.1590009383861,54.3527322505457,54.2881551464925,54.1421839842055,54.127048725443,53.9235635798587,53.959551861805,53.7466492218795,53.7069612100135,53.6272488471978,53.3642316838144,53.1489746703036,53.1398935150461,53.1160134401098,52.8082631786061,52.7981730060978,52.6525381828945,52.617558918199,52.6246220389548,52.6078050847743,52.5755165327477,52.4336271815794,52.29329810742,52.2566927777909,52.2566927777909,0.0,0.0
8359,India,Agricultural land (sq. km),AG.LND.AGRI.K2,0.0,1749520.0,1764820.0,1761540.0,1767120.0,1771770.0,1775300.0,1778070.0,1783640.0,1777920.0,1780520.0,1778170.0,1779460.0,1787510.0,1792820.0,1796940.0,1796490.0,1795910.0,1805920.0,1805800.0,1802720.0,1804010.0,1807710.0,1804620.0,1814520.0,1813400.0,1811920.0,1815430.0,1810910.0,1815010.0,1814130.0,1815860.0,1813050.0,1813820.0,1812910.0,1809450.0,1805890.0,1809810.0,1808740.0,1810210.0,1809750.0,1804870.0,1805600.0,1802490.0,1803750.0,1801260.0,1799060.0,1796200.0,1797570.0,1800680.0,1795730.0,1796700.0,1796420.0,1796980.0,1797280.0,1796750.0,1795780.0,1792356.04,1791155.64,1790449.469,1790450.764,0.0,0.0
15353,Russian Federation,Urban population,SP.URB.TOTL,64421857.0,66226377.0,68060071.0,69923357.0,71815164.0,73731369.0,75267305.0,76812479.0,78366306.0,79922296.0,81464683.0,82992261.0,84524649.0,86061054.0,87600777.0,89145034.0,90810675.0,92479950.0,94157479.0,95659612.0,96960865.0,98228786.0,99464693.0,100677781.0,102058393.0,103466989.0,104825013.0,106169956.0,107471421.0,108424260.0,108600667.0,108905031.0,109004756.0,108940535.0,108895790.0,108866282.0,108700642.0,108515146.0,108329810.0,107987927.0,107528803.0,107067910.0,106569238.0,106133030.0,105771342.0,105433226.0,105152927.0,105037446.0,105055527.0,105149987.0,105261487.0,105407937.0,105669982.0,105998572.0,106354644.0,106703732.0,107050095.0,107349517.0,107539205.0,107708298.0,107700434.0,107492288.0,0.0
15355,Russian Federation,"Population, total",SP.POP.TOTL,119897000.0,121236000.0,122591000.0,123960000.0,125345000.0,126745000.0,127468000.0,128196000.0,128928000.0,129664000.0,130404000.0,131155000.0,131909000.0,132669000.0,133432000.0,134200000.0,135147000.0,136100000.0,137060000.0,138027000.0,139010000.0,139941000.0,140823000.0,141668000.0,142745000.0,143858000.0,144894000.0,145908000.0,146857000.0,147721000.0,147969407.0,148394216.0,148538197.0,148458777.0,148407912.0,148375787.0,148160129.0,147915361.0,147670784.0,147214776.0,146596869.0,145976482.0,145306497.0,144648618.0,144067316.0,143518814.0,143049637.0,142805114.0,142742366.0,142785349.0,142849468.0,142960908.0,143201721.0,143506995.0,143819667.0,144096870.0,144342397.0,144496739.0,144477859.0,144406261.0,144073139.0,143449286.0,0.0
15360,Russian Federation,"Mortality rate, under-5 (per 1,000 live births)",SH.DYN.MORT,0.0,0.0,0.0,0.0,0.0,0.0,0.0,0.0,0.0,0.0,38.1,36.5,34.9,33.5,32.2,31.1,30.2,29.4,28.7,28.1,27.6,27.1,26.6,26.1,25.6,24.9,24.2,23.4,22.6,22.0,21.6,21.5,21.7,21.9,22.1,22.0,21.7,21.3,20.8,20.2,19.4,18.4,17.3,16.1,15.0,13.9,12.8,12.0,11.3,10.7,10.4,10.2,9.9,9.5,8.9,8.2,7.5,6.9,6.3,5.8,5.4,5.1,0.0
15370,Russian Federation,"Annual freshwater withdrawals, total (billion cubic meters)",ER.H2O.FWTL.K3,0.0,0.0,0.0,0.0,0.0,0.0,0.0,0.0,0.0,0.0,0.0,0.0,0.0,0.0,0.0,0.0,0.0,0.0,0.0,0.0,0.0,0.0,0.0,0.0,0.0,0.0,0.0,0.0,0.0,0.0,0.0,0.0,99.6,88.35,77.1,75.5661904762,74.0323809524,72.4985714286,70.9647619048,69.430952381,75.9,66.2,65.7666666667,65.3333333333,64.9,69.3,64.0333333333,63.6,63.1666666667,62.7333333333,69.7,61.8666666667,64.0,61.0,70.81,62.44,64.79,64.41,64.82,64.82,0.0,0.0,0.0
15386,Russian Federation,Total greenhouse gas emissions (kt of CO2 equivalent),EN.ATM.GHGT.KT.CE,0.0,0.0,0.0,0.0,0.0,0.0,0.0,0.0,0.0,0.0,0.0,0.0,0.0,0.0,0.0,0.0,0.0,0.0,0.0,0.0,0.0,0.0,0.0,0.0,0.0,0.0,0.0,0.0,0.0,0.0,3015020.0,2951939.94140625,2795389.89257813,2601070.06835938,2363090.08789063,2285600.09765625,2229070.06835938,2090159.91210938,2085050.04882813,2124199.95117188,2176120.1171875,2188879.8828125,2186659.91210938,2259719.97070313,2252260.00976563,2278879.8828125,2316550.04882813,2325780.02929688,2327750.0,2191800.04882813,2285030.02929688,2375290.0390625,2354330.078125,2317629.8828125,2302340.08789063,2287290.0390625,2285750.0,2324570.06835938,2419469.97070313,2476840.08789063,0.0,0.0,0.0
15390,Russian Federation,CO2 emissions from solid fuel consumption (kt),EN.ATM.CO2E.SF.KT,972030.025,957483.036,953082.636,990090.0,1021365.843,1057489.46,1094214.465,1103466.306,1092692.66,1108618.441,1181819.095,1206578.679,1243648.382,1257021.931,1260358.901,1298910.072,1334560.646,1356797.334,1349569.677,1352217.251,1425095.209,1293772.605,1312199.28,1304142.881,1297853.976,1478882.765,1520825.911,1525020.959,1543014.928,1466774.331,1235885.343,1102754.908,616584.048,550717.394,517087.337,498000.602,503999.814,453560.229,427652.874,459244.079,464322.874,446673.603,448158.738,449801.554,438092.823,433637.418,449379.849,428719.971,453912.261,368599.506,394580.201,400502.406,456845.861,421646.328,404847.801,453090.853,441708.485,0.0,0.0,0.0,0.0,0.0,0.0
15395,Russian Federation,CO2 emissions from liquid fuel consumption (kt),EN.ATM.CO2E.LF.KT,364554.805,395067.912,441924.838,484088.004,519272.869,554124.037,592726.546,646279.414,689073.304,738185.435,804345.449,857212.588,931021.964,1000698.631,1072568.164,1134199.433,1162270.318,1204092.453,1291814.427,1298602.044,1329591.861,1345851.339,1352653.624,1353427.361,1324021.688,1336841.52,1338238.647,1179321.868,1170165.369,1154085.574,1113832.915,1116920.529,583243.684,535444.339,402222.229,379072.458,354888.593,335570.837,330385.699,323792.433,333491.648,334507.407,323799.767,329351.605,326913.05,331654.481,346348.15,339417.52,370091.975,358889.29,343550.229,397180.104,401334.815,370722.699,393821.132,361679.877,391342.24,0.0,0.0,0.0,0.0,0.0,0.0
15396,Russian Federation,CO2 emissions (kt),EN.ATM.CO2E.KT,0.0,0.0,0.0,0.0,0.0,0.0,0.0,0.0,0.0,0.0,0.0,0.0,0.0,0.0,0.0,0.0,0.0,0.0,0.0,0.0,0.0,0.0,0.0,0.0,0.0,0.0,0.0,0.0,0.0,0.0,2163530.0,2136440.0,2030810.0,1880250.0,1685050.0,1635490.0,1601180.0,1489510.0,1487970.0,1523720.0,1563850.0,1567170.0,1565339.96582031,1610000.0,1600979.98046875,1611979.98046875,1654849.97558594,1658150.02441406,1655189.94140625,1546670.04394531,1617829.95605469,1699089.96582031,1675760.00976563,1632680.05371094,1611959.9609375,1592560.05859375,1571520.01953125,1594550.04882813,1661000.0,1703589.96582031,0.0,0.0,0.0
15399,Russian Federation,CO2 emissions from gaseous fuel consumption (kt),EN.ATM.CO2E.GF.KT,89350.122,116016.546,144355.122,176918.082,215278.569,249337.665,276557.806,302824.527,328291.842,351349.938,325475.586,368350.15,387455.22,409655.238,434352.483,474121.098,521619.749,559635.538,587226.046,625300.507,652748.002,700899.379,742255.805,797653.174,864487.916,949268.956,916981.021,1056877.071,1129109.637,1134192.099,1167341.779,1173693.023,834356.177,815394.12,750484.553,725196.921,729054.605,713587.199,712208.407,720451.823,730631.415,745061.06,745860.466,784668.327,793967.839,800858.132,821558.347,838408.212,838892.256,802519.283,878440.851,906948.109,886629.262,884495.068,882731.241,834257.168,850380.967,0.0,0.0,0.0,0.0,0.0,0.0
15402,Russian Federation,Electric power consumption (kWh per capita),EG.USE.ELEC.KH.PC,0.0,0.0,0.0,0.0,0.0,0.0,0.0,0.0,0.0,0.0,0.0,0.0,0.0,0.0,0.0,0.0,0.0,0.0,0.0,0.0,0.0,0.0,0.0,0.0,0.0,0.0,0.0,0.0,0.0,0.0,6687.72701103006,6551.29981615995,6113.67997148908,5726.4515926869,5188.21395452286,5101.55339563591,5016.44406640602,4935.61990495362,4848.02735251951,4998.82566135888,5198.40570401268,5274.3633046315,5304.41525955994,5478.13045818384,5633.84550039094,5770.10063642248,6098.53347618072,6286.04939176058,6399.68374911202,6095.38027602538,6409.89436516487,6485.759030014,6617.1341613974,6539.20737452554,6602.65747938354,0.0,0.0,0.0,0.0,0.0,0.0,0.0,0.0
15407,Russian Federation,Renewable electricity output (% of total electricity output),EG.ELC.RNEW.ZS,0.0,0.0,0.0,0.0,0.0,0.0,0.0,0.0,0.0,0.0,0.0,0.0,0.0,0.0,0.0,0.0,0.0,0.0,0.0,0.0,0.0,0.0,0.0,0.0,0.0,0.0,0.0,0.0,0.0,0.0,15.3381410374883,15.6941403137911,17.0465565967574,18.1499044681292,20.0071781190813,20.4266227099063,18.1270578113514,18.8005146584027,19.1911293904906,18.9924374251047,18.729605644473,19.5670238257211,18.2608578316721,17.0766945778758,18.9562374651174,18.2025297558032,17.4938246140069,17.5206409321501,15.9141050296072,17.6440464827356,16.1205888143799,15.8030239287522,15.5637311058596,17.1746302202462,16.5682511980707,15.8557951545716,0.0,0.0,0.0,0.0,0.0,0.0,0.0
15419,Russian Federation,Forest area (sq. km),AG.LND.FRST.K2,0.0,0.0,0.0,0.0,0.0,0.0,0.0,0.0,0.0,0.0,0.0,0.0,0.0,0.0,0.0,0.0,0.0,0.0,0.0,0.0,0.0,0.0,0.0,0.0,0.0,0.0,0.0,0.0,0.0,0.0,0.0,0.0,8090136.2,8090454.8,8090773.4,8091092.0,8091410.6,8091729.2,8092047.8,8092366.4,8092685.0,8098552.1,8104419.2,8110286.3,8116153.4,8122020.5,8127887.6,8133754.7,8139621.8,8145488.9,8151356.0,8150945.72,8150535.44,8150125.16,8149714.88,8149304.6,8151210.3,8153116.0,8153116.0,8153116.0,8153116.0,0.0,0.0
15425,Russian Federation,Arable land (% of land area),AG.LND.ARBL.ZS,0.0,0.0,0.0,0.0,0.0,0.0,0.0,0.0,0.0,0.0,0.0,0.0,0.0,0.0,0.0,0.0,0.0,0.0,0.0,0.0,0.0,0.0,0.0,0.0,0.0,0.0,0.0,0.0,0.0,0.0,0.0,0.0,8.05420394815115,7.90532021496163,7.83953439677975,7.78465269458884,7.69473121194581,7.78244849239711,7.69975520868307,7.62576951779021,7.59241917938337,7.56145744558754,7.5371132547949,7.48178680396411,7.4564608396317,7.4341066295351,7.42312431385527,7.42312431385527,7.42809828740168,7.42809828740168,7.42809828740168,7.42809828740168,7.42809828740168,7.42809828740168,7.42809828740168,7.42809828740168,7.42809828740168,7.42809828740168,7.42809828740168,7.42809828740168,7.42809828740168,0.0,0.0
15427,Russian Federation,Agricultural land (sq. km),AG.LND.AGRI.K2,0.0,2216310.0,2216310.0,2216310.0,2216310.0,2216310.0,2216310.0,2216310.0,2216310.0,2216310.0,2216310.0,2216310.0,2216310.0,2216310.0,2216310.0,2216310.0,2216310.0,2216310.0,2216310.0,2216310.0,2216310.0,2216310.0,2216310.0,2216310.0,2216310.0,2216310.0,2216310.0,2216310.0,2216310.0,2216310.0,2216310.0,2216310.0,2216310.0,2187950.0,2177110.0,2164000.0,2161110.0,2179890.0,2172870.0,2167900.0,2171620.0,2168610.0,2166510.0,2162770.0,2159800.0,2156800.0,2154880.0,2154630.0,2154940.0,2154940.0,2154940.0,2154940.0,2154940.0,2154940.0,2154940.0,2154940.0,2154940.0,2154940.0,2154940.0,2154940.0,2154940.0,0.0,0.0
19077,United States,Urban population,SP.URB.TOTL,126462473.0,129276215.0,131988693.0,134615404.0,137215986.0,139663053.0,142008703.0,144288757.0,146463196.0,148629124.0,150922373.0,152865492.0,154531732.0,156034954.0,157488501.0,159070594.0,160611122.0,162256678.0,164005080.0,165847531.0,167551171.0,169552427.0,171528659.0,173459636.0,175321738.0,177239105.0,179244877.0,181215212.0,183232441.0,185333919.0,187966119.0,191509147.0,195199459.0,198806845.0,202278113.0,205718394.0,209146726.0,212694273.0,216206090.0,219721677.0,223069137.0,225792302.0,228400290.0,230876596.0,233532722.0,236200507.0,238999326.0,241795278.0,244607104.0,247276259.0,249849720.0,252208133.0,254614421.0,256953576.0,259430732.0,261950744.0,264473000.0,266788716.0,268844029.0,270737596.0,274032053.0,275050303.0,0.0
19079,United States,"Population, total",SP.POP.TOTL,180671000.0,183691000.0,186538000.0,189242000.0,191889000.0,194303000.0,196560000.0,198712000.0,200706000.0,202677000.0,205052000.0,207661000.0,209896000.0,211909000.0,213854000.0,215973000.0,218035000.0,220239000.0,222585000.0,225055000.0,227225000.0,229466000.0,231664000.0,233792000.0,235825000.0,237924000.0,240133000.0,242289000.0,244499000.0,246819000.0,249623000.0,252981000.0,256514000.0,259919000.0,263126000.0,266278000.0,269394000.0,272657000.0,275854000.0,279040000.0,282162411.0,284968955.0,287625193.0,290107933.0,292805298.0,295516599.0,298379912.0,301231207.0,304093966.0,306771529.0,309327143.0,311583481.0,313877662.0,316059947.0,318386329.0,320738994.0,323071755.0,325122128.0,326838199.0,328329953.0,331501080.0,331893745.0,0.0
19084,United States,"Mortality rate, under-5 (per 1,000 live births)",SH.DYN.MORT,30.1,29.5,28.9,28.3,27.7,27.1,26.4,25.7,24.9,24.1,23.2,22.4,21.5,20.6,19.7,18.8,17.9,17.1,16.3,15.6,15.0,14.4,13.9,13.4,13.0,12.7,12.4,12.1,11.9,11.6,11.2,10.9,10.5,10.1,9.8,9.5,9.2,8.9,8.8,8.6,8.4,8.3,8.2,8.1,8.1,8.0,7.9,7.7,7.6,7.5,7.3,7.2,7.1,7.0,6.9,6.8,6.7,6.6,6.5,6.4,6.3,6.2,0.0
19094,United States,"Annual freshwater withdrawals, total (billion cubic meters)",ER.H2O.FWTL.K3,0.0,0.0,0.0,0.0,0.0,0.0,0.0,0.0,0.0,0.0,0.0,0.0,0.0,0.0,0.0,0.0,0.0,0.0,0.0,0.0,517.6,512.35,507.1,501.85,496.6,491.35,486.1,480.85,475.6,470.35,465.1,465.95,466.8,467.65,468.5,469.35,470.2,471.05,471.9,472.75,473.5,474.6,475.6,476.6,477.6,478.6,466.64,454.68,442.72,430.76,418.7,423.9192223549,429.0384447098,434.1576670647,439.2768894196,444.3961117745,444.3961117745,444.3961117745,444.3961117745,444.3961117745,0.0,0.0,0.0
19110,United States,Total greenhouse gas emissions (kt of CO2 equivalent),EN.ATM.GHGT.KT.CE,0.0,0.0,0.0,0.0,0.0,0.0,0.0,0.0,0.0,0.0,0.0,0.0,0.0,0.0,0.0,0.0,0.0,0.0,0.0,0.0,0.0,0.0,0.0,0.0,0.0,0.0,0.0,0.0,0.0,0.0,5834140.0,5788890.13671875,5872939.94140625,5984359.86328125,6078520.01953125,6146509.765625,6316450.1953125,6578049.8046875,6624450.1953125,6625279.78515625,6787479.98046875,6736029.78515625,6582640.13671875,6645609.86328125,6732259.765625,6752839.84375,6660819.82421875,6767470.21484375,6583850.09765625,6158399.90234375,6427129.8828125,6229600.09765625,6011120.1171875,6152160.15625,6197430.17578125,6082160.15625,5974200.1953125,5918759.765625,6121629.8828125,6001209.9609375,0.0,0.0,0.0
19114,United States,CO2 emissions from solid fuel consumption (kt),EN.ATM.CO2E.SF.KT,918715.512,888169.402,921572.105,987816.46,1050034.449,1091511.886,1133645.716,1164001.142,1140536.009,1158948.016,1169046.934,1108314.08,1125761.666,1211543.797,1197260.832,1152171.4,1275466.941,1290409.966,1368418.057,1415909.374,1461226.16,1489652.744,1438446.756,1518086.662,1587389.295,1628012.321,1589761.844,1682188.579,1760347.017,1798227.127,1781828.303,1765906.189,1787915.523,1830504.061,1842421.811,1840195.942,1910250.31,1963135.784,1974276.13,1986721.928,2070963.919,2038155.27,2060362.622,2056915.642,2104619.645,2123574.368,2094220.033,2111062.564,2078492.27,1842018.441,1911717.11,1828806.24,1626050.476,1652500.547,1650322.349,1452832.397,1323423.967,0.0,0.0,0.0,0.0,0.0,0.0
19119,United States,CO2 emissions from liquid fuel consumption (kt),EN.ATM.CO2E.LF.KT,1282679.93,1298378.357,1335840.429,1360368.992,1395058.812,1465890.584,1530913.828,1590495.244,1690806.029,1783086.084,2039750.415,2099023.803,2271031.772,2401448.627,2301790.568,2236565.639,2301313.858,2444719.227,2494601.428,2422302.856,2218523.999,2037201.85,1930701.169,1928189.274,1959443.115,1963084.446,2046846.06,2097883.366,2181681.65,2174523.666,1993879.912,1961294.95,2006245.036,2047187.091,2076284.736,2076156.391,2134454.357,2188656.284,2236224.608,2267434.445,2318017.043,2327815.267,2304383.137,2376461.689,2428170.056,2446413.381,2394921.367,2377235.426,2242168.815,2152257.642,2166283.917,2091649.466,2041968.95,2073013.772,2077395.837,2132547.517,2127054.351,0.0,0.0,0.0,0.0,0.0,0.0
19120,United States,CO2 emissions (kt),EN.ATM.CO2E.KT,0.0,0.0,0.0,0.0,0.0,0.0,0.0,0.0,0.0,0.0,0.0,0.0,0.0,0.0,0.0,0.0,0.0,0.0,0.0,0.0,0.0,0.0,0.0,0.0,0.0,0.0,0.0,0.0,0.0,0.0,4844520.0,4807500.0,4879630.0,4995210.0,5066810.0,5117040.0,5273490.0,5543350.0,5590540.0,5609020.0,5775810.0,5748260.0,5593029.78515625,5658990.234375,5738290.0390625,5753490.234375,5653080.078125,5736319.82421875,5558379.8828125,5156430.17578125,5392109.86328125,5173600.09765625,4956060.05859375,5092100.09765625,5107209.9609375,4990709.9609375,4894500.0,4819370.1171875,4975310.05859375,4817720.21484375,0.0,0.0,0.0
19123,United States,CO2 emissions from gaseous fuel consumption (kt),EN.ATM.CO2E.GF.KT,630540.65,636935.898,676920.866,719043.695,759692.39,783245.531,842896.62,882005.175,937127.519,1018916.287,1060078.362,1097826.46,1116586.832,1104383.056,1053030.388,978931.319,995271.471,963676.599,981036.177,1015843.341,1002059.088,970713.572,903497.462,858228.347,886962.959,860681.57,817454.974,865694.359,907443.154,939188.373,1003980.596,1050346.144,1070995.021,1101299.109,1123766.818,1162211.646,1152435.424,1161085.877,1142303.503,1200792.153,1255148.094,1179494.217,1225702.084,1189992.838,1168709.57,1162996.384,1151434.333,1244700.811,1240762.453,1227971.957,1275074.572,1304065.874,1365136.092,1392202.219,1440397.6,1484155.911,1498556.22,0.0,0.0,0.0,0.0,0.0,0.0
19126,United States,Electric power consumption (kWh per capita),EG.USE.ELEC.KH.PC,4049.786628734,4182.17550124938,4433.60602129325,4690.48625569377,4970.44645602406,5234.68500229024,5590.33374033374,5888.34091549579,6385.45932857015,6904.83379959245,7236.65704309151,7517.30464555213,8076.40926935244,8573.19415409445,8449.92845586241,8522.39400295407,8968.7756552847,9337.72401799863,9560.5454096188,9700.69538557242,9862.36549675432,9976.69371497302,9544.46094343532,9742.00571448125,10282.3746422135,10414.2078983205,10424.4272965398,10886.8582560496,11298.3325085174,11531.9323066701,11713.3317042099,12134.1721315039,12014.9582478929,12261.5237824091,12455.1621656545,12659.607628118,12854.2989079193,12889.8322801175,13154.7630268185,13281.8699827982,13671.0520240061,13046.6141478464,13296.1822993023,13307.4920085002,13388.5897105591,13704.5770481407,13583.2669593387,13657.4528282523,13663.4279681827,12913.7146883015,13394.9027551068,13245.8819278677,12964.1879389302,13004.0235689845,12993.9655794706,0.0,0.0,0.0,0.0,0.0,0.0,0.0,0.0
19131,United States,Renewable electricity output (% of total electricity output),EG.ELC.RNEW.ZS,0.0,0.0,0.0,0.0,0.0,0.0,0.0,0.0,0.0,0.0,0.0,0.0,0.0,0.0,0.0,0.0,0.0,0.0,0.0,0.0,0.0,0.0,0.0,0.0,0.0,0.0,0.0,0.0,0.0,0.0,11.5286468488794,10.7574142290523,9.91611011689915,10.4843256121149,9.74723552434506,10.801084989942,11.5814500482575,10.9778281257659,9.60858498243135,9.06920058095258,8.20599694228722,6.78399231432694,8.6463611778167,8.88937612108964,8.63018553161945,8.57846553445898,9.24463118340514,8.36776393615508,9.00354134718557,10.2918450711157,10.1203551472397,12.2257135163932,12.0073970634651,12.6379191222813,12.9538270902926,13.2285932109672,0.0,0.0,0.0,0.0,0.0,0.0,0.0
19143,United States,Forest area (sq. km),AG.LND.FRST.K2,0.0,0.0,0.0,0.0,0.0,0.0,0.0,0.0,0.0,0.0,0.0,0.0,0.0,0.0,0.0,0.0,0.0,0.0,0.0,0.0,0.0,0.0,0.0,0.0,0.0,0.0,0.0,0.0,0.0,0.0,3024500.0,3025586.0,3026672.0,3027758.0,3028844.0,3029930.0,3031016.0,3032102.0,3033188.0,3034274.0,3035360.0,3040544.0,3045728.0,3050912.0,3056096.0,3061280.0,3066464.0,3071648.0,3076832.0,3082016.0,3087200.0,3089950.0,3092700.0,3095450.0,3098200.0,3100950.0,3100950.0,3097950.0,3097950.0,3097950.0,3097950.0,0.0,0.0
19149,United States,Arable land (% of land area),AG.LND.ARBL.ZS,0.0,19.7216714561479,19.3357106046975,19.6063745228716,19.43080873811,19.3253382480107,19.1839466489645,19.0509621179697,19.7620690558753,20.6621712508844,20.6065972555836,20.5416335479137,20.4766698402439,20.4226244027706,20.3595168010342,20.3595168010342,20.3595168010342,20.3682514171915,20.6087809096229,20.6087809096229,20.6087809096229,20.6087809096229,20.5006900346764,20.5006900346764,20.5006900346764,20.5006900346764,20.5006900346764,20.2798134285989,20.2798134285989,20.2780665053674,20.2726073702691,20.2726073702691,20.0983517779311,19.9529204189122,19.8645916130216,19.8536733428249,19.5443587481548,19.3899744075747,19.3015364189821,19.1471520784019,19.1409660857113,19.1444588033949,18.8799945862876,18.6348822080961,18.3930769969613,18.1480082777409,17.9029395585205,17.6578708393001,17.5377866108695,17.3897120718192,17.2416375327688,17.0935629937184,16.9454884546681,17.0051664841015,17.064844513535,17.1245116109242,17.1841896403576,17.2438567377468,17.2438567377468,17.2438567377468,17.2438567377468,0.0,0.0
19151,United States,Agricultural land (sq. km),AG.LND.AGRI.K2,0.0,4475090.0,4439910.0,4414430.0,4390120.0,4358730.0,4355500.0,4353070.0,4357950.0,4354470.0,4344000.0,4333000.0,4323000.0,4312000.0,4301580.0,4301580.0,4301580.0,4303310.0,4281630.0,4281630.0,4281630.0,4281630.0,4313990.0,4313990.0,4313990.0,4313990.0,4313990.0,4269480.0,4269480.0,4269480.0,4269480.0,4269480.0,4254290.0,4229480.0,4211390.0,4201390.0,4163060.0,4148850.0,4145880.0,4138870.0,4143990.0,4149440.0,4130640.0,4130223.0,4129809.0,4129396.0,4128988.0,4128576.0,4109023.0,4089470.0,4069917.0,4050364.0,4030810.538,4036270.0,4041729.0,4047187.0,4052646.0,4058103.538,4058103.538,4058103.538,4058103.538,0.0,0.0
